table,parameter,tags,categorical_key,tags,,,,,,,,,,,,,,,,,,,,,,,,,,,,,
census_district_2011,no_hh,Number of Households,tru,number,households,,,,,,,,,,,,,,,,,,,,,,,,,,,,
census_district_2011,tot_p,Total Population,tru,total,population,,,,,,,,,,,,,,,,,,,,,,,,,,,,
census_district_2011,tot_m,Total Male Population,tru,total,male,population,,,,,,,,,,,,,,,,,,,,,,,,,,,
census_district_2011,tot_f,Total Female Population,tru,total,female,population,,,,,,,,,,,,,,,,,,,,,,,,,,,
census_district_2011,p_06,0-6 Age Group Persons,tru,0,6,age,group,persons,,,,,,,,,,,,,,,,,,,,,,,,,
census_district_2011,m_06,0-6 Age Group Males,tru,0,6,age,group,males,,,,,,,,,,,,,,,,,,,,,,,,,
census_district_2011,f_06,0-6 Age Group Females,tru,0,6,age,group,females,,,,,,,,,,,,,,,,,,,,,,,,,
census_district_2011,p_sc,Scheduled Caste Persons,tru,scheduled,caste,persons,,,,,,,,,,,,,,,,,,,,,,,,,,,
census_district_2011,m_sc,Scheduled Caste Males,tru,scheduled,caste,males,,,,,,,,,,,,,,,,,,,,,,,,,,,
census_district_2011,f_sc,Scheduled Caste Females,tru,scheduled,caste,females,,,,,,,,,,,,,,,,,,,,,,,,,,,
census_district_2011,p_st,Scheduled Tribe Persons,tru,scheduled,tribe,persons,,,,,,,,,,,,,,,,,,,,,,,,,,,
census_district_2011,m_st,Scheduled Tribe Males,tru,scheduled,tribe,males,,,,,,,,,,,,,,,,,,,,,,,,,,,
census_district_2011,f_st,Scheduled Tribe Females,tru,scheduled,tribe,females,,,,,,,,,,,,,,,,,,,,,,,,,,,
census_district_2011,p_lit,Person Literates,tru,person,literates,,,,,,,,,,,,,,,,,,,,,,,,,,,,
census_district_2011,m_lit,Male Literates,tru,male,literates,,,,,,,,,,,,,,,,,,,,,,,,,,,,
census_district_2011,f_lit,Female Literates,tru,female,literates,,,,,,,,,,,,,,,,,,,,,,,,,,,,
census_district_2011,p_ill,Person Illiterates,tru,person,illiterates,,,,,,,,,,,,,,,,,,,,,,,,,,,,
census_district_2011,m_ill,Male Illiterates,tru,male,illiterates,,,,,,,,,,,,,,,,,,,,,,,,,,,,
census_district_2011,f_ill,Female Illiterates,tru,female,illiterates,,,,,,,,,,,,,,,,,,,,,,,,,,,,
census_district_2011,tot_work_p,Total Workers (Main+Marginal) Persons,tru,total,workers, ,main,marginal, ,persons,,,,,,,,,,,,,,,,,,,,,,,
census_district_2011,tot_work_m,Total Workers (Main+Marginal) Males,tru,total,workers, ,main,marginal, ,males,,,,,,,,,,,,,,,,,,,,,,,
census_district_2011,tot_work_f,Total Workers (Main+Marginal) Females,tru,total,workers, ,main,marginal, ,females,,,,,,,,,,,,,,,,,,,,,,,
census_district_2011,mainwork_p,Main Workers  - Persons,tru,main,workers,persons,,,,,,,,,,,,,,,,,,,,,,,,,,,
census_district_2011,mainwork_m,Main Workers  - Males,tru,main,workers,males,,,,,,,,,,,,,,,,,,,,,,,,,,,
census_district_2011,mainwork_f,Main Workers  - Females,tru,main,workers,females,,,,,,,,,,,,,,,,,,,,,,,,,,,
census_district_2011,main_cl_p,Main Workers Cultivators - Persons,tru,main,workers,cultivators,persons,,,,,,,,,,,,,,,,,,,,,,,,,,
census_district_2011,main_cl_m,Main Workers Cultivators - Males,tru,main,workers,cultivators,males,,,,,,,,,,,,,,,,,,,,,,,,,,
census_district_2011,main_cl_f,Main Workers Cultivators - Females,tru,main,workers,cultivators,females,,,,,,,,,,,,,,,,,,,,,,,,,,
census_district_2011,main_al_p,Main Workers Agricultural Labourers - Persons,tru,main,workers,agricultural,labourers,persons,,,,,,,,,,,,,,,,,,,,,,,,,
census_district_2011,main_al_m,Main Workers Agricultural Labourers - Males,tru,main,workers,agricultural,labourers,males,,,,,,,,,,,,,,,,,,,,,,,,,
census_district_2011,main_al_f,Main Workers Agricultural Labourers - Females,tru,main,workers,agricultural,labourers,females,,,,,,,,,,,,,,,,,,,,,,,,,
census_district_2011,main_hh_p,Main Workers Household Industry - Persons,tru,main,workers,household,industry,persons,,,,,,,,,,,,,,,,,,,,,,,,,
census_district_2011,main_hh_m,Main Workers Household Industry - Males,tru,main,workers,household,industry,males,,,,,,,,,,,,,,,,,,,,,,,,,
census_district_2011,main_hh_f,Main Workers Household Industry - Females,tru,main,workers,household,industry,females,,,,,,,,,,,,,,,,,,,,,,,,,
census_district_2011,main_ot_p,Main Workers Other - Persons,tru,main,workers,other,persons,,,,,,,,,,,,,,,,,,,,,,,,,,
census_district_2011,main_ot_m,Main Workers Other - Males,tru,main,workers,other,males,,,,,,,,,,,,,,,,,,,,,,,,,,
census_district_2011,main_ot_f,Main Workers Other - Females,tru,main,workers,other,females,,,,,,,,,,,,,,,,,,,,,,,,,,
census_district_2011,margwork_p,Marginal Workers  - Persons,tru,marginal,workers,persons,,,,,,,,,,,,,,,,,,,,,,,,,,,
census_district_2011,margwork_m,Marginal Workers  - Males,tru,marginal,workers,males,,,,,,,,,,,,,,,,,,,,,,,,,,,
census_district_2011,margwork_f,Marginal Workers  - Females,tru,marginal,workers,females,,,,,,,,,,,,,,,,,,,,,,,,,,,
census_district_2011,marg_cl_p,Marginal Workers Cultivators - Persons,tru,marginal,workers,cultivators,persons,,,,,,,,,,,,,,,,,,,,,,,,,,
census_district_2011,marg_cl_m,Marginal Workers Cultivators - Males,tru,marginal,workers,cultivators,males,,,,,,,,,,,,,,,,,,,,,,,,,,
census_district_2011,marg_cl_f,Marginal Workers Cultivators - Females,tru,marginal,workers,cultivators,females,,,,,,,,,,,,,,,,,,,,,,,,,,
census_district_2011,marg_al_p,Marginal Workers Agricultural Labourers - Persons,tru,marginal,workers,agricultural,labourers,persons,,,,,,,,,,,,,,,,,,,,,,,,,
census_district_2011,marg_al_m,Marginal Workers Agricultural Labourers - Males,tru,marginal,workers,agricultural,labourers,males,,,,,,,,,,,,,,,,,,,,,,,,,
census_district_2011,marg_al_f,Marginal Workers Agricultural Labourers - Females,tru,marginal,workers,agricultural,labourers,females,,,,,,,,,,,,,,,,,,,,,,,,,
census_district_2011,marg_hh_p,Marginal Workers Household Industry - Persons,tru,marginal,workers,household,industry,persons,,,,,,,,,,,,,,,,,,,,,,,,,
census_district_2011,marg_hh_m,Marginal Workers Household Industry - Males,tru,marginal,workers,household,industry,males,,,,,,,,,,,,,,,,,,,,,,,,,
census_district_2011,marg_hh_f,Marginal Workers Household Industry - Females,tru,marginal,workers,household,industry,females,,,,,,,,,,,,,,,,,,,,,,,,,
census_district_2011,marg_ot_p,Marginal Workers Other - Persons,tru,marginal,workers,other,persons,,,,,,,,,,,,,,,,,,,,,,,,,,
census_district_2011,marg_ot_m,Marginal Workers Other - Males,tru,marginal,workers,other,males,,,,,,,,,,,,,,,,,,,,,,,,,,
census_district_2011,marg_ot_f,Marginal Workers Other - Females,tru,marginal,workers,other,females,,,,,,,,,,,,,,,,,,,,,,,,,,
census_district_2011,margwork_3_6_p,Marginal Workers worked for 3 - 6 moths during last year - Persons ,tru,marginal,workers,worked,3,6,moths,year,persons,,,,,,,,,,,,,,,,,,,,,,
census_district_2011,margwork_3_6_m,Marginal Workers worked for 3 - 6 moths during last year - Males,tru,marginal,workers,worked,3,6,moths,year,males,,,,,,,,,,,,,,,,,,,,,,
census_district_2011,margwork_3_6_f,Marginal Workers worked for 3 - 6 moths during last year - Females,tru,marginal,workers,worked,3,6,moths,year,females,,,,,,,,,,,,,,,,,,,,,,
census_district_2011,marg_cl_3_6_p,Marginal Workers Cultivators worked for 3 - 6 moths during last year - Persons,tru,marginal,workers,cultivators,worked,3,6,moths,year,persons,,,,,,,,,,,,,,,,,,,,,
census_district_2011,marg_cl_3_6_m,Marginal Workers Cultivators worked for 3 - 6 moths during last year - Males,tru,marginal,workers,cultivators,worked,3,6,moths,year,males,,,,,,,,,,,,,,,,,,,,,
census_district_2011,marg_cl_3_6_f,Marginal Workers Cultivators worked for 3 - 6 moths during last year - Females,tru,marginal,workers,cultivators,worked,3,6,moths,year,females,,,,,,,,,,,,,,,,,,,,,
census_district_2011,marg_al_3_6_p,Marginal Workers Agricultural Labourers worked for 3 - 6 moths during last year - Persons,tru,marginal,workers,agricultural,labourers,worked,3,6,moths,year,persons,,,,,,,,,,,,,,,,,,,,
census_district_2011,marg_al_3_6_m,Marginal Workers Agricultural Labourers worked for 3 - 6 moths during last year - Males,tru,marginal,workers,agricultural,labourers,worked,3,6,moths,year,males,,,,,,,,,,,,,,,,,,,,
census_district_2011,marg_al_3_6_f,Marginal Workers Agricultural Labourers worked for 3 - 6 moths during last year - Females,tru,marginal,workers,agricultural,labourers,worked,3,6,moths,year,females,,,,,,,,,,,,,,,,,,,,
census_district_2011,marg_hh_3_6_p,Marginal Workers Household Industry worked for 3 - 6 moths during last year - Persons,tru,marginal,workers,household,industry,worked,3,6,moths,year,persons,,,,,,,,,,,,,,,,,,,,
census_district_2011,marg_hh_3_6_m,Marginal Workers Household Industry worked for 3 - 6 moths during last year - Males,tru,marginal,workers,household,industry,worked,3,6,moths,year,males,,,,,,,,,,,,,,,,,,,,
census_district_2011,marg_hh_3_6_f,Marginal Workers Household Industry worked for 3 - 6 moths during last year - Females,tru,marginal,workers,household,industry,worked,3,6,moths,year,females,,,,,,,,,,,,,,,,,,,,
census_district_2011,marg_ot_3_6_p,Marginal Workers Other worked for 3 - 6 moths during last year - Persons,tru,marginal,workers,other,worked,3,6,moths,year,persons,,,,,,,,,,,,,,,,,,,,,
census_district_2011,marg_ot_3_6_m,Marginal Workers Other worked for 3 - 6 moths during last year - Males,tru,marginal,workers,other,worked,3,6,moths,year,males,,,,,,,,,,,,,,,,,,,,,
census_district_2011,marg_ot_3_6_f,Marginal Workers Other worked for 3 - 6 moths during last year - Females,tru,marginal,workers,other,worked,3,6,moths,year,females,,,,,,,,,,,,,,,,,,,,,
census_district_2011,margwork_0_3_p,Marginal Workers worked for 0 - 3 moths during last year - Persons ,tru,marginal,workers,worked,0,3,moths,year,persons,,,,,,,,,,,,,,,,,,,,,,
census_district_2011,margwork_0_3_m,Marginal Workers worked for 0 - 3 moths during last year - Males,tru,marginal,workers,worked,0,3,moths,year,males,,,,,,,,,,,,,,,,,,,,,,
census_district_2011,margwork_0_3_f,Marginal Workers worked for 0 - 3 moths during last year - Females,tru,marginal,workers,worked,0,3,moths,year,females,,,,,,,,,,,,,,,,,,,,,,
census_district_2011,marg_cl_0_3_p,Marginal Workers Cultivators worked for 0 - 3 moths during last year - Persons,tru,marginal,workers,cultivators,worked,0,3,moths,year,persons,,,,,,,,,,,,,,,,,,,,,
census_district_2011,marg_cl_0_3_m,Marginal Workers Cultivators worked for 0 - 3 moths during last year - Males,tru,marginal,workers,cultivators,worked,0,3,moths,year,males,,,,,,,,,,,,,,,,,,,,,
census_district_2011,marg_cl_0_3_f,Marginal Workers Cultivators worked for 0 - 3 moths during last year - Females,tru,marginal,workers,cultivators,worked,0,3,moths,year,females,,,,,,,,,,,,,,,,,,,,,
census_district_2011,marg_al_0_3_p,Marginal Workers Agricultural Labourers worked for 0 - 3 moths during last year - Persons,tru,marginal,workers,agricultural,labourers,worked,0,3,moths,year,persons,,,,,,,,,,,,,,,,,,,,
census_district_2011,marg_al_0_3_m,Marginal Workers Agricultural Labourers worked for 0 - 3 moths during last year - Males,tru,marginal,workers,agricultural,labourers,worked,0,3,moths,year,males,,,,,,,,,,,,,,,,,,,,
census_district_2011,marg_al_0_3_f,Marginal Workers Agricultural Labourers worked for 0 - 3 moths during last year - Females,tru,marginal,workers,agricultural,labourers,worked,0,3,moths,year,females,,,,,,,,,,,,,,,,,,,,
census_district_2011,marg_hh_0_3_p,Marginal Workers Household Industry worked for 0 - 3 moths during last year - Persons,tru,marginal,workers,household,industry,worked,0,3,moths,year,persons,,,,,,,,,,,,,,,,,,,,
census_district_2011,marg_hh_0_3_m,Marginal Workers Household Industry worked for 0 - 3 moths during last year - Males,tru,marginal,workers,household,industry,worked,0,3,moths,year,males,,,,,,,,,,,,,,,,,,,,
census_district_2011,marg_hh_0_3_f,Marginal Workers Household Industry worked for 0 - 3 moths during last year - Females,tru,marginal,workers,household,industry,worked,0,3,moths,year,females,,,,,,,,,,,,,,,,,,,,
census_district_2011,marg_ot_0_3_p,Marginal Workers Other worked for 0 - 3 moths during last year - Persons,tru,marginal,workers,other,worked,0,3,moths,year,persons,,,,,,,,,,,,,,,,,,,,,
census_district_2011,marg_ot_0_3_m,Marginal Workers Other worked for 0 - 3 moths during last year - Males,tru,marginal,workers,other,worked,0,3,moths,year,males,,,,,,,,,,,,,,,,,,,,,
census_district_2011,marg_ot_0_3_f,Marginal Workers Other worked for 0 - 3 moths during last year - Females,tru,marginal,workers,other,worked,0,3,moths,year,females,,,,,,,,,,,,,,,,,,,,,
census_district_2011,non_work_p,Non Workers - Persons,tru,numbern,workers,persons,,,,,,,,,,,,,,,,,,,,,,,,,,,
census_district_2011,non_work_m,Non Workers - Males,tru,numbern,workers,males,,,,,,,,,,,,,,,,,,,,,,,,,,,
census_district_2011,non_work_f,Non Workers - Females,tru,numbern,workers,females,,,,,,,,,,,,,,,,,,,,,,,,,,,
census_district_2011,internalcol_adult_tot_p,Total Adult Population,tru,total,adult,population,,,,,,,,,,,,,,,,,,,,,,,,,,,
census_district_2011,internalcol_adult_tot_m,Total Adult Male Population,tru,total,adult,male,population,,,,,,,,,,,,,,,,,,,,,,,,,,
census_district_2011,internalcol_adult_tot_f,Total Adult Female Population,tru,total,adult,female,population,,,,,,,,,,,,,,,,,,,,,,,,,,
education,schtot,Total No of schools of all Category,acyear,total,number,schools,category,,,,,,,,,,,,,,,,,,,,,,,,,,
education,schtotg,Total No of government schools of all Category,acyear,total,number,government,schools,category,,,,,,,,,,,,,,,,,,,,,,,,,
education,schtotp,Total No of private schools of all Category,acyear,total,number,private,schools,category,,,,,,,,,,,,,,,,,,,,,,,,,
education,schtotm,Total No of Madarsas & Unrecognised schools of all Category,acyear,total,number,madarsas,unrecognised,schools,category,,,,,,,,,,,,,,,,,,,,,,,,
education,schtotgr,Total No of Rural Government schools of all Category,acyear,total,number,rural,government,schools,category,,,,,,,,,,,,,,,,,,,,,,,,
education,schtotga,Total No of Government & Aided schools of all Category,acyear,total,number,government,aided,schools,category,,,,,,,,,,,,,,,,,,,,,,,,
education,schtotpr,Total No of Rural Private schools of all Category,acyear,total,number,rural,private,schools,category,,,,,,,,,,,,,,,,,,,,,,,,
education,schboytot,Total No of Boys Only schools of all Category,acyear,total,number,boys,only,schools,category,,,,,,,,,,,,,,,,,,,,,,,,
education,schgirtot,Total No of Girls Only schools of all Category,acyear,total,number,girls,only,schools,category,,,,,,,,,,,,,,,,,,,,,,,,
education,enrtot,Total Elementary Enrolment in School of all Category (Primary Only + Primary with Upper Primary + Primary with upper Primary Sec/H.Sec + Upper Primary Only + Primary with upper Primary Sec + Upper Primary with  Sec. + School with No Response),,total,elementary,enrolment,school,category, ,primary,only,primary,upper,primary,primary,upper,primary,sec,h.sec,upper,primary,only,primary,upper,primary,sec,upper,primary, ,sec,school,number,response
education,enrtotg,Total Elementary Enrolment in Government School of all Category,acyear,total,elementary,enrolment,government,school,category,,,,,,,,,,,,,,,,,,,,,,,,
education,enrtotp,Total Elementary Enrolment in Private School of all Category,acyear,total,elementary,enrolment,private,school,category,,,,,,,,,,,,,,,,,,,,,,,,
education,enrtotm,Total Elementary Enrolment in Madarsas and UnRecognized School of all Category,acyear,total,elementary,enrolment,madarsas,unrecognized,school,category,,,,,,,,,,,,,,,,,,,,,,,
education,tchtotg,Total No of Teacher in Government School of all Category,acyear,total,number,teacher,government,school,category,,,,,,,,,,,,,,,,,,,,,,,,
education,tchtotp,Total No of Teacher in Private School of all Category,acyear,total,number,teacher,private,school,category,,,,,,,,,,,,,,,,,,,,,,,,
education,tchtotm,Total No of Teacher in Madarsas and UnRcognized School of all Category,acyear,total,number,teacher,madarsas,unrcognized,school,category,,,,,,,,,,,,,,,,,,,,,,,
healthcare,overshareeverattendedschoolfemale,female over ever attended school,tier,female,attended,school,,,,,,,,,,,,,,,,,,,,,,,,,,,
healthcare,xpopulationbelowageyearspopulationandhouseholdprofile,Population below age 15 years Population and Household Profile,tier,population,age,15,years,population,household,profile,,,,,,,,,,,,,,,,,,,,,,,
healthcare,sexratiochild,child sex ratio,tier,child,sex,ratio,,,,,,,,,,,,,,,,,,,,,,,,,,,
healthcare,xsexratioatbirthforchildrenborninthelastfiveyearsfemalesperm,Sex ratio at birth for children born in the last five years females per 1000 males Population and Household Profile,tier,sex,ratio,birth,children,born,years,females,1000,males,population,household,profile,,,,,,,,,,,,,,,,,,
healthcare,regbirthshareunderchild,child under with registered birth share,tier,child,registered,birth,share,,,,,,,,,,,,,,,,,,,,,,,,,,
healthcare,xhouseholdswithelectricitypopulationandhouseholdprofile,Households with electricity Population and Household Profile,tier,households,electricity,population,household,profile,,,,,,,,,,,,,,,,,,,,,,,,,
healthcare,xhouseholdswithanimproveddrinkingwatersourcepopulationandhou,Households with an improved drinking water source Population and Household Profile,tier,households,improved,drinking,water,source,population,household,profile,,,,,,,,,,,,,,,,,,,,,,
healthcare,xhouseholdsusingimprovedsanitationfacilitypopulationandhouse,Households using improved sanitation facility Population Household Profile,tier,households,improved,sanitation,facility,population,household,profile,,,,,,,,,,,,,,,,,,,,,,,
healthcare,xhouseholdsusingcleanfuelforcookingpopulationandhouseholdpro,Households using clean fuel for cooking Population and Household Profile,tier,households,clean,fuel,cooking,population,household,profile,,,,,,,,,,,,,,,,,,,,,,,
healthcare,xhouseholdsusingiodizedsaltpopulationandhouseholdprofile,Households using iodized salt Population and Household Profile,tier,households,iodized,salt,population,household,profile,,,,,,,,,,,,,,,,,,,,,,,,
healthcare,sharehhhealthinsu,health insurance share,tier,health,insurance,share,,,,,,,,,,,,,,,,,,,,,,,,,,,
healthcare,xwomenwhoareliteratecharacteristicsofadultsage,Women who are literate Characteristics of Adults age 15 49,tier,women,literate,characteristics,adults,age,15,49,,,,,,,,,,,,,,,,,,,,,,,
healthcare,xmenwhoareliteratecharacteristicsofadultsage,Men who are literate Characteristics of Adults age 15 49,tier,men,literate,characteristics,adults,age,15,49,,,,,,,,,,,,,,,,,,,,,,,
healthcare,xwomenwithormoreyearsofschoolingcharacteristicsofadultsage,Women with 10 or more years of schooling Characteristics of Adults age 15 49,tier,women,10,years,schooling,characteristics,adults,age,15,49,,,,,,,,,,,,,,,,,,,,,
healthcare,agemarriedsharebeforewomen,women age 20 24 married before 18 share,tier,women,age,20,24,married,18,share,,,,,,,,,,,,,,,,,,,,,,,
healthcare,xmenageyearsmarriedbeforeageyearsmarriageandfertility,Men age 25 29 years married before age 21 years Marriage and Fertility,tier,men,age,25,29,years,married,age,21,years,marriage,fertility,,,,,,,,,,,,,,,,,,,
healthcare,pregormothershareagewomen,women age 15 19 pregnant or mother share,tier,women,age,15,19,pregnant,mother,share,,,,,,,,,,,,,,,,,,,,,,,
healthcare,xanymethodcurrentuseoffamilyplanningmethodscurrentlymarriedw,Any method Current Use of Family Planning Methods currently married women age 15 49 years,tier,any,method,current,use,family,planning,methods,currently,married,women,age,15,49,years,,,,,,,,,,,,,,,,
healthcare,xanymodernmethodcurrentuseoffamilyplanningmethodscurrentlyma,Any modern method Current Use of Family Planning Methods currently married women age 15 49 years,tier,any,modern,method,current,use,family,planning,methods,currently,married,women,age,15,49,years,,,,,,,,,,,,,,,
healthcare,xfemalesterilizationcurrentuseoffamilyplanningmethodscurrent,Female sterilization Current Use of Family Planning Methods currently married women age 15 49 years,tier,female,sterilization,current,use,family,planning,methods,currently,married,women,age,15,49,years,,,,,,,,,,,,,,,,
healthcare,xmalesterilizationcurrentuseoffamilyplanningmethodscurrently,Male sterilization Current Use of Family Planning Methods currently married women age 15 49 years,tier,male,sterilization,current,use,family,planning,methods,currently,married,women,age,15,49,years,,,,,,,,,,,,,,,,
healthcare,xiudppiudcurrentuseoffamilyplanningmethodscurrentlymarriedwo,IUD PPIUD Current Use of Family Planning Methods currently married women age 15 49 years,tier,iud,ppiud,current,use,family,planning,methods,currently,married,women,age,15,49,years,,,,,,,,,,,,,,,,
healthcare,xpillcurrentuseoffamilyplanningmethodscurrentlymarriedwomena,Pill Current Use of Family Planning Methods currently married women age 15 49 years,tier,pill,current,use,family,planning,methods,currently,married,women,age,15,49,years,,,,,,,,,,,,,,,,,
healthcare,xcondomcurrentuseoffamilyplanningmethodscurrentlymarriedwome,Condom Current Use of Family Planning Methods currently married women age 15 49 years,tier,condom,current,use,family,planning,methods,currently,married,women,age,15,49,years,,,,,,,,,,,,,,,,,
healthcare,needyrfamplanunmetmarriedwomen,family planning unmet need married women 15 49 year,tier,family,planning,unmet,need,married,women,15,49,year,,,,,,,,,,,,,,,,,,,,,
healthcare,xunmetneedforspacingunmetneedforfamilyplanningcurrentlymarri,Unmet need for spacing Unmet Need for Family Planning currently married women age 15 49 years ,tier,unmet,need,spacing,unmet,need,family,planning,currently,married,women,age,15,49,years,,,,,,,,,,,,,,,,
healthcare,xhealthworkerevertalkedtofemalenonusersaboutfamilyplanningqu,Health worker ever talked to female non users about family planning Quality of Family Planning Services,tier,health,worker,talked,female,non,users,family,planning,quality,family,planning,services,,,,,,,,,,,,,,,,,,
healthcare,xcurrentusersevertoldaboutsideeffectsofcurrentmethodqualityo,Current users ever told about side effects of current method Quality of Family Planning Services,tier,current,users,told,effects,current,method,quality,family,planning,services,,,,,,,,,,,,,,,,,,,,
healthcare,xmotherswhohadantenatalcheckupinthefirsttrimestermaternityca,Mothers who had antenatal check up in the first trimester Maternity Care for last birth in the 5 years before the survey Maternal and Child Health.,tier,mothers,antenatal,check,trimester,maternity,care,birth,5,years,survey,maternal,child,health,,,,,,,,,,,,,,,,,
healthcare,shareantenatalmothers,mother antenatal share,tier,mother,antenatal,share,,,,,,,,,,,,,,,,,,,,,,,,,,,
healthcare,xmotherswhoselastbirthwasprotectedagainstneonataltetanusmate,Mothers whose last birth was protected against neonatal tetanus Maternity Care for last birth in the 5 years before the survey Maternal and Child Health.,tier,mothers,birth,protected,neonatal,tetanus,maternity,care,birth,5,years,survey,maternal,child,health,,,,,,,,,,,,,,,,
healthcare,xmotherswhoconsumedironfolicacidfordaysormorewhentheywerepre,Mothers who consumed iron folic acid for 100 days or more when they were pregnant Maternity Care for last birth in the years before the survey Maternal and Child Health.,tier,mothers,consumed,iron,folic,acid,100,days,pregnant,maternity,care,birth,years,survey,maternal,child,health,,,,,,,,,,,,,,
healthcare,xmotherswhohadfullantenatalcarematernitycareforlastbirthinth,Mothers who had ful antenatal care Maternity Care for last birth in the 5 years before the survey Maternal and Child Health,tier,mothers,ful,antenatal,care,maternity,care,birth,5,years,survey,maternal,child,health,,,,,,,,,,,,,,,,,
healthcare,xregisteredpregnanciesforwhichthemotherreceivedmotherandchil,Registered pregnancies for which the mother received Mother and Child Protection MCP card Maternity Care for last birth in the 5 years before the survey Maternal and Child Health,tier,registered,pregnancies,mother,received,mother,child,protection,mcp,card,maternity,care,birth,5,years,survey,maternal,child,health,,,,,,,,,,,,
healthcare,xmotherswhoreceivedpostnatalcarefromadoctornurselhvanmmidwif,Mothers who received postnatal care from a doctor nurse LHV ANM midwife other health personnel within 2 days of delivery Maternity Care for last birth in the 5 years before the survey Maternal and Child Health,tier,mothers,received,postnatal,care,doctor,nurse,lhv,anm,midwife,health,personnel,2,days,delivery,maternity,care,birth,5,years,survey,maternal,child,health,,,,,,,
healthcare,sharejsymothers,mothers JSY share,tier,mothers,jsy,share,,,,,,,,,,,,,,,,,,,,,,,,,,,
healthcare,xaverageoutofpocketexpenditureperdeliveryinpublichealthfacil,Average out of pocket expenditure per delivery in public health facility Rs Maternity Care for last birth in the 5 years before the survey Maternal and Child Health,tier,average,pocket,expenditure,delivery,public,health,facility,rs,maternity,care,birth,5,years,survey,maternal,child,health,,,,,,,,,,,,,
healthcare,xchildrenbornathomewhoweretakentoahealthfacilityforcheckupwi,Children born at home who were taken to a health facility for check up within 24 hours of birth Maternity Care for last birth in the 5 years before the survey Maternal and Child Health,tier,children,born,home,taken,health,facility,check,24,hours,birth,maternity,care,birth,5,years,survey,maternal,child,health,,,,,,,,,,,
healthcare,xchildrenwhoreceivedahealthcheckafterbirthfromadoctornurselh,Children who received a health check after birth from a doctor nurse LHV ANM midwife other health personnel within 2 days of birth Maternity Care for last birth in the 5 years before the survey Maternal and Child Health,tier,children,received,health,check,birth,doctor,nurse,lhv,anm,midwife,health,personnel,2,days,birth,maternity,care,birth,5,years,survey,maternal,child,health,,,,,,
healthcare,shareinstibirth,institutional birth share,tier,institutional,birth,share,,,,,,,,,,,,,,,,,,,,,,,,,,,
healthcare,shareinstipublicbirth,public institutional birth share,tier,public,institutional,birth,share,,,,,,,,,,,,,,,,,,,,,,,,,,
healthcare,xhomedeliveryconductedbyskilledhealthpersonneloutoftotaldeli,Home delivery conducted by skilled health personnel out of total deliveries Delivery Care for births in the 5 years before the survey,tier,home,delivery,conducted,skilled,health,personnel,total,deliveries,delivery,care,births,5,years,survey,,,,,,,,,,,,,,,,
healthcare,xbirthsassistedbyadoctornurselhvanmotherhealthpersonneldeliv,Births assisted by a doctor nurse LHV ANM other health personnel Delivery Care for births in the 5 years before the survey,tier,births,assisted,doctor,nurse,lhv,anm,health,personnel,delivery,care,births,5,years,survey,,,,,,,,,,,,,,,,
healthcare,xbirthsdeliveredbycaesareansectiondeliverycareforbirthsinthe,Births delivered by caesarean section Delivery Care for births in the 5 years before the survey,tier,births,delivered,caesarean,section,delivery,care,births,5,years,survey,,,,,,,,,,,,,,,,,,,,
healthcare,xbirthsinaprivatehealthfacilitydeliveredbycaesareansectionde,Births in a private health facility delivered by caesarean section Delivery Care for births in the 5 years before the survey,tier,births,private,health,facility,delivered,caesarean,section,delivery,care,births,5,years,survey,,,,,,,,,,,,,,,,,
healthcare,xbirthsinapublichealthfacilitydeliveredbycaesareansectiondel,Births in a public health facility delivered by caesarean section Delivery Care for births in the 5 years before the survey ,tier,births,public,health,facility,delivered,caesarean,section,delivery,care,births,5,years,survey,,,,,,,,,,,,,,,,,
healthcare,immuneageyrfullsharechild,child age 12 year fully immune share,tier,child,age,12,year,fully,immune,share,,,,,,,,,,,,,,,,,,,,,,,
healthcare,xchildrenagemonthswhohavereceivedbcgchildimmunizationsandvit,Children age 12 23 months who have received BCG Child Immunizations and Vitamin A Supplementation,tier,children,age,12,23,months,received,bcg,child,immunizations,vitamin,a,supplementation,,,,,,,,,,,,,,,,,,
healthcare,xchildrenagemonthswhohavereceiveddosesofpoliovaccinechildimm,Children age 12 23 months who have received 3 doses of polio vaccine Child Immunizations and Vitamin A Supplementation,tier,children,age,12,23,months,received,3,doses,polio,vaccine,child,immunizations,vitamin,a,supplementation,,,,,,,,,,,,,,,
healthcare,xchildrenagemonthswhohavereceiveddosesofdptvaccinechildimmun,Children age 12 23 months who have received 3 doses of DPT vaccine Child Immunizations and Vitamin A Supplementation,tier,children,age,12,23,months,received,3,doses,dpt,vaccine,child,immunizations,vitamin,a,supplementation,,,,,,,,,,,,,,,
healthcare,xchildrenagemonthswhohavereceivedmeaslesvaccinechildimmuniza,Children age 12 23 months who have received measles vaccine Child Immunizations and Vitamin A Supplementation,tier,children,age,12,23,months,received,measles,vaccine,child,immunizations,vitamin,a,supplementation,,,,,,,,,,,,,,,,,
healthcare,xchildrenagemonthswhohavereceiveddosesofhepatitisbvaccinechi,Children age 12 23 months who have received 3 doses of Hepatitis B vaccine Child Immunizations and Vitamin A Supplementation,tier,children,age,12,23,months,received,3,doses,hepatitis,b,vaccine,child,immunizations,vitamin,a,supplementation,,,,,,,,,,,,,,
healthcare,xchildrenagemonthswhoreceivedavitaminadoseinlastmonthschildi,Children age 9 59 months who received a vitamin A dose in last 6 months Child Immunizations and Vitamin A Supplementation,tier,children,age,9,59,months,received,vitamin,a,dose,6,months,child,immunizations,vitamin,a,supplementation,,,,,,,,,,,,,,
healthcare,xchildrenagemonthswhoreceivedmostofthevaccinationsinpubliche,Children age 12 23 months who received most of the vaccinations in public health facility Child Immunizations and Vitamin A Supplementation,tier,children,age,12,23,months,received,vaccinations,public,health,facility,child,immunizations,vitamin,a,supplementation,,,,,,,,,,,,,,,
healthcare,xchildrenagemonthswhoreceivedmostofthevaccinationsinprivateh,Children age 12 23 months who received most of the vaccinations in private health facility Child Immunizations and Vitamin A Supplementation,tier,children,age,12,23,months,received,vaccinations,private,health,facility,child,immunizations,vitamin,a,supplementation,,,,,,,,,,,,,,,
healthcare,xprevalenceofdiarrhoeareportedinthelastweeksprecedingthesurv,Prevalence of diarrhoea reported in the last 2 weeks preceding the survey Treatment of Childhood Diseases children under age 5 years ,tier,prevalence,diarrhoea,reported,2,weeks,preceding,survey,treatment,childhood,diseases,children,age,5,years,,,,,,,,,,,,,,,,
healthcare,xchildrenwithdiarrhoeainthelastweekswhoreceivedoralrehydrati,Children with diarrhoea in the last 2 weeks who received oral rehydration salts ORS Treatment of Childhood Diseases children under age 5 years ,tier,children,diarrhoea,2,weeks,received,oral,rehydration,salts,ors,treatment,childhood,diseases,children,age,5,years,,,,,,,,,,,,,,
healthcare,xchildrenwithdiarrhoeainthelastweekswhoreceivedzinctreatment,Children with diarrhoea in the last 2 weeks who received zinc Treatment of Childhood Diseases children under age 5 years,tier,children,diarrhoea,2,weeks,received,zinc,treatment,childhood,diseases,children,age,5,years,,,,,,,,,,,,,,,,,
healthcare,xchildrenwithdiarrhoeainthelastweekstakentoahealthfacilitytr,Children with diarrhoea in the last 2 weeks taken to a health facility Treatment of Childhood Diseases children under age 5 years,tier,children,diarrhoea,2,weeks,taken,health,facility,treatment,childhood,diseases,children,age,5,years,,,,,,,,,,,,,,,,
healthcare,xprevalenceofsymptomsofacuterespiratoryinfectionariinthelast,Prevalence of symptoms of acute respiratory infection ARI in the last 2 weeks preceding the survey Treatment of Childhood Diseases children under age 5 years,tier,prevalence,symptoms,acute,respiratory,infection,ari,2,weeks,preceding,survey,treatment,childhood,diseases,children,age,5,years,,,,,,,,,,,,,
healthcare,xchildrenwithfeverorsymptomsofariinthelastweeksprecedingthes,Children with fever or symptoms of ARI in the last 2 weeks preceding the survey taken to a health facility Treatment of Childhood Diseases children under age 5 years,tier,children,fever,symptoms,ari,2,weeks,preceding,survey,taken,health,facility,treatment,childhood,diseases,children,age,5,years,,,,,,,,,,,,
healthcare,xchildrenunderageyearsbreastfedwithinonehourofbirthchildfeed,Children under age 3 years breastfed within one hour of birth9 Child Feeding Practices and Nutritional Status of Children,tier,children,age,3,years,breastfed,hour,birth9,child,feeding,practices,nutritional,status,children,,,,,,,,,,,,,,,,,
healthcare,xchildrenunderagemonthsexclusivelybreastfedchildfeedingpract,Children under age 6 months exclusively breastfed10 Child Feeding Practices and Nutritional Status of Children,tier,children,age,6,months,exclusively,breastfed10,child,feeding,practices,nutritional,status,children,,,,,,,,,,,,,,,,,,
healthcare,xchildrenagemonthsreceivingsolidorsemisolidfoodandbreastmilk,Children age 6 8 months receiving solid or semi solid food and breastmilk10 Child Feeding Practices and Nutritional Status of Children,tier,children,age,6,8,months,receiving,solid,semi,solid,food,breastmilk10,child,feeding,practices,nutritional,status,children,,,,,,,,,,,,,
healthcare,xbreastfeedingchildrenagemonthsreceivinganadequatedietchildf,Breastfeeding children age 6 23 months receiving an adequate diet10 11 Child Feeding Practices and Nutritional Status of Children,tier,breastfeeding,children,age,6,23,months,receiving,adequate,diet10,11,child,feeding,practices,nutritional,status,children,,,,,,,,,,,,,,
healthcare,xnonbreastfeedingchildrenagemonthsreceivinganadequatedietchi,Non breastfeeding children age 6 23 months receiving an adequate diet10 11 Child Feeding Practices and Nutritional Status of Children,tier,numbern,breastfeeding,children,age,6,23,months,receiving,adequate,diet10,11,child,feeding,practices,nutritional,status,children,,,,,,,,,,,,,
healthcare,xtotalchildrenagemonthsreceivinganadequatedietchildfeedingpr,Total children age 6 23 months receiving an adequate diet10 11 Child Feeding Practices and Nutritional Status of Children,tier,total,children,age,6,23,months,receiving,adequate,diet10,11,child,feeding,practices,nutritional,status,children,,,,,,,,,,,,,,
healthcare,xchildrenunderyearswhoarestuntedheightforagechildfeedingprac,Children under 5 years who are stunted height for age 12 Child Feeding Practices and Nutritional Status of Children,tier,children,5,years,stunted,height,age,12,child,feeding,practices,nutritional,status,children,,,,,,,,,,,,,,,,,
healthcare,xchildrenunderyearswhoarewastedweightforheightchildfeedingpr,Children under 5 years who are wasted weight for height 12 Child Feeding Practices and Nutritional Status of Children,tier,children,5,years,wasted,weight,height,12,child,feeding,practices,nutritional,status,children,,,,,,,,,,,,,,,,,
healthcare,xchildrenunderyearswhoareseverelywastedweightforheightchildf,Children under 5 years who are severely wasted weight for height 13 Child Feeding Practices and Nutritional Status of Children,tier,children,5,years,severely,wasted,weight,height,13,child,feeding,practices,nutritional,status,children,,,,,,,,,,,,,,,,
healthcare,xchildrenunderyearswhoareunderweightweightforagechildfeeding,Children under 5 years who are underweight weight for age 12 Child Feeding Practices and Nutritional Status of Children,tier,children,5,years,underweight,weight,age,12,child,feeding,practices,nutritional,status,children,,,,,,,,,,,,,,,,,
healthcare,xwomenwhosebodymassindexbmiisbelownormalbmikgmnutritionalsta,Women whose Body Mass Index BMI is below normal BMI 18 5 kg m2 14 Nutritional Status of Adults age 15 49 years,tier,women,body,mass,index,bmi,normal,bmi,18,5,kg,m2,14,nutritional,status,adults,age,15,49,years,,,,,,,,,,,
healthcare,xmenwhosebodymassindexbmiisbelownormalbmikgmnutritionalstatu,Men whose Body Mass Index BMI is below normal BMI 18 5 kg m2 Nutritional Status of Adults age 15 49 years,tier,men,body,mass,index,bmi,normal,bmi,18,5,kg,m2,nutritional,status,adults,age,15,49,years,,,,,,,,,,,,
healthcare,xwomenwhoareoverweightorobesebmikgmnutritionalstatusofadults,Women who are overweight or obese BMI 25 0 kg m2 14 Nutritional Status of Adults age 15 49 years,tier,women,overweight,obese,bmi,25,0,kg,m2,14,nutritional,status,adults,age,15,49,years,,,,,,,,,,,,,,
healthcare,xmenwhoareoverweightorobesebmikgmnutritionalstatusofadultsag,Men who are overweight or obese BMI 25 0 kg m2 Nutritional Status of Adults age 15 49 years,tier,men,overweight,obese,bmi,25,0,kg,m2,nutritional,status,adults,age,15,49,years,,,,,,,,,,,,,,,
healthcare,agemonyranaemiachild,anaemia child age 6 month 5 year,tier,anaemia,child,age,6,month,5,year,,,,,,,,,,,,,,,,,,,,,,,
healthcare,xnonpregnantwomenageyearswhoareanaemicgdlanaemiaamongchildre,Non pregnant women age 15 49 years who are anaemic 12 0 g dl Anaemia among Children and Adults,tier,numbern,pregnant,women,age,15,49,years,anaemic,12,0,g,dl,anaemia,children,adults,,,,,,,,,,,,,,,
healthcare,xpregnantwomenageyearswhoareanaemicgdlanaemiaamongchildrenan,Pregnant women age 15 49 years who are anaemic 11 0 g dl Anaemia among Children and Adults,tier,pregnant,women,age,15,49,years,anaemic,11,0,g,dl,anaemia,children,adults,,,,,,,,,,,,,,,,
healthcare,ageyranaemiafemale,anaemia female age 15 49 year,tier,anaemia,female,age,15,49,year,,,,,,,,,,,,,,,,,,,,,,,,
healthcare,maleyranaemia,anaemia male 15 49 year,tier,anaemia,male,15,49,year,,,,,,,,,,,,,,,,,,,,,,,,,
healthcare,xbloodsugarlevelhighmgdlbloodsugarlevelamongadultsageyearswo,Blood sugar level high 140 mg dl Blood Sugar Level among Adults age 15 49 years Women Blood sugar level high 140 mg dl,tier,blood,sugar,level,high,140,mg,dl,blood,sugar,level,adults,age,15,49,years,women,blood,sugar,level,high,140,mg,dl,,,,,,,
healthcare,xbloodsugarlevelveryhighmgdlbloodsugarlevelamongadultsageyea,Blood sugar level very high 160 mg dl Blood Sugar Level among Adults age 15 49 years Women Blood sugar level high 140 mg dl,tier,blood,sugar,level,high,160,mg,dl,blood,sugar,level,adults,age,15,49,years,women,blood,sugar,level,high,140,mg,dl,,,,,,,
healthcare,xbloodsugarlevelhighmgdlbloodsugarlevelamongadultsageyearsme,Blood sugar level high 140 mg dl Blood Sugar Level among Adults age 15 49 years Men Blood sugar level high 140 mg dl,tier,blood,sugar,level,high,140,mg,dl,blood,sugar,level,adults,age,15,49,years,men,blood,sugar,level,high,140,mg,dl,,,,,,,
healthcare,xbloodsugarlevelveryhighmgdlbloodsugarlevelamongadultsageyea83,Blood sugar level very high 160 mg dl Blood Sugar Level among Adults age 15 49 years Men Blood sugar level high 140 mg dl,tier,blood,sugar,level,high,160,mg,dl,blood,sugar,level,adults,age,15,49,years,men,blood,sugar,level,high,140,mg,dl,,,,,,,
healthcare,xslightlyabovenormalsystolicmmofhgandordiastolicmmofhgwomenh,Slightly above normal Systolic 140 159 mm of Hg and or Diastolic 90 99 mm of Hg Women Hypertension among Adults age 15 49 years,tier,slightly,normal,systolic,140,159,mm,hg,diastolic,90,99,mm,hg,women,hypertension,adults,age,15,49,years,,,,,,,,,,,
healthcare,xmoderatelyhighsystolicmmofhgandordiastolicmmofhgwomenhypert,Moderately high Systolic 160 179 mm of Hg and or Diastolic 100 109 mm of Hg Women Hypertension among Adults age 15 49 years,tier,moderately,high,systolic,160,179,mm,hg,diastolic,100,109,mm,hg,women,hypertension,adults,age,15,49,years,,,,,,,,,,,
healthcare,xveryhighsystolicmmofhgandordiastolicmmofhgwomenhypertension,Very high Systolic 180 mm of Hg and or Diastolic 110 mm of Hg Women Hypertension among Adults age 15 49 years,tier,very,high,systolic,180,mm,hg,diastolic,110,mm,hg,women,hypertension,adults,age,15,49,years,,,,,,,,,,,,,
healthcare,xslightlyabovenormalsystolicmmofhgandordiastolicmmofhgmenhyp,Slightly above normal Systolic 140 159 mm of Hg and or Diastolic 90 99 mm of Hg Men Hypertension among Adults age 15 49 years,tier,slightly,normal,systolic,140,159,mm,hg,diastolic,90,99,mm,hg,men,hypertension,adults,age,15,49,years,,,,,,,,,,,
healthcare,xmoderatelyhighsystolicmmofhgandordiastolicmmofhgmenhyperten,Moderately high Systolic 160 179 mm of Hg and or Diastolic 100 109 mm of Hg Men Hypertension among Adults age 15 49 years,tier,moderately,high,systolic,160,179,mm,hg,diastolic,100,109,mm,hg,men,hypertension,adults,age,15,49,years,,,,,,,,,,,
healthcare,xveryhighsystolicmmofhgandordiastolicmmofhgmenhypertensionam,Very high Systolic 180 mm of Hg and or Diastolic 110 mm of Hg Men Hypertension among Adults age 15 49 years,tier,very,high,systolic,180,mm,hg,diastolic,110,mm,hg,men,hypertension,adults,age,15,49,years,,,,,,,,,,,,,
healthcare,xcervixwomenageyearswhohaveeverundergoneexaminationsof,Cervix Women Age 15 49 Years Who Have Ever Undergone Examinations of,tier,cervix,women,age,15,49,years,who,have,ever,undergone,examinations,,,,,,,,,,,,,,,,,,,
healthcare,xbreastwomenageyearswhohaveeverundergoneexaminationsof,Breast Women Age 15 49 Years Who Have Ever Undergone Examinations of,tier,breast,women,age,15,49,years,who,have,ever,undergone,examinations,,,,,,,,,,,,,,,,,,,
healthcare,xoralcavitywomenageyearswhohaveeverundergoneexaminationsof,Oral cavity Women Age 15 49 Years Who Have Ever Undergone Examinations of,tier,oral,cavity,women,age,15,49,years,who,have,ever,undergone,examinations,,,,,,,,,,,,,,,,,,
healthcare,subcentertot,total sub centers,tier,total,sub,centers,,,,,,,,,,,,,,,,,,,,,,,,,,,
healthcare,phctot,primary health care,tier,primary,health,care,,,,,,,,,,,,,,,,,,,,,,,,,,,
healthcare,chctot,community health care,tier,community,health,care,,,,,,,,,,,,,,,,,,,,,,,,,,,
healthcare,sdhtot,sub district hospitals,tier,sub,district,hospitals,,,,,,,,,,,,,,,,,,,,,,,,,,,
healthcare,dhtot,district hospitals,tier,district,hospitals,,,,,,,,,,,,,,,,,,,,,,,,,,,,
sbm_toilet_modified,total_detail_entered_with_and_without_toilet,Total Detail Entered (With & Without Toilet),year,total,detail,entered, ,with,without,toilet,,,,,,,,,,,,,,,,,,,,,,,
sbm_toilet_modified,total_hh_detail_with_toilet,Total Household Detail with Toilet,year,total,household,detail,toilet,,,,,,,,,,,,,,,,,,,,,,,,,,
sbm_toilet_modified,bpl,Detail entered for no  of Households not having toilet (BPL),year,detail,entered, ,households,having,toilet, ,below,poverty,line,,,,,,,,,,,,,,,,,,,,
sbm_toilet_modified,apl,Detail entered for no  of Households not having toilet (APL),year,detail,entered, ,households,having,toilet, ,above,poverty,line,,,,,,,,,,,,,,,,,,,,
sbm_toilet_modified,hh_accessing_community_and_toilet,Household's accessing Community and Other Toilet,year,household,'s,accessing,community,other,toilet,,,,,,,,,,,,,,,,,,,,,,,,
sbm_toilet_modified,total_hh_covered_after_bls,Total Household Covered after BLS,year,total,household,covered,bls,,,,,,,,,,,,,,,,,,,,,,,,,,
sbm_toilet_modified,total_hh_covered_including_bls,Total Household Covered Including BLS,year,total,household,covered,including,bls,,,,,,,,,,,,,,,,,,,,,,,,,
sbm_toilet_modified,coverage_of_hh_year_wise,Coverage of Household (including unapproved),year,coverage,household, ,including,unapproved,,,,,,,,,,,,,,,,,,,,,,,,,
meta_sbm_odf_modified,gp_total,Gram Panchayat (Total),year,gram,panchayat, ,total,,,,,,,,,,,,,,,,,,,,,,,,,,
meta_sbm_odf_modified,gp_total_declared_odf,Gram Panchayat (Declared ODF),year,gram,panchayat, ,declared,odf,,,,,,,,,,,,,,,,,,,,,,,,,
meta_sbm_odf_modified,gp_total_verified_odf,Gram Panchayat (Verified ODF),year,gram,panchayat, ,verified,odf,,,,,,,,,,,,,,,,,,,,,,,,,
meta_sbm_odf_modified,gp_total_not_declared_odf,Gram Panchayat (Not declared ODF),year,gram,panchayat, ,numbert,declared,odf,,,,,,,,,,,,,,,,,,,,,,,,
meta_sbm_odf_modified,village_total,Villages (Total),year,villages, ,total,,,,,,,,,,,,,,,,,,,,,,,,,,,
meta_sbm_odf_modified,total_village_no_of_unhabitated_villages,Villages (No  of Not Exist / Unhabitated Villages),year,villages, ,number, ,numbert,exist,unhabitated,villages,,,,,,,,,,,,,,,,,,,,,,
meta_sbm_odf_modified,total_villages_declared_odf,Villages (Declared ODF),year,villages, ,declared,odf,,,,,,,,,,,,,,,,,,,,,,,,,,
meta_sbm_odf_modified,total_villages_verified_odf,Villages (Verified ODF),year,villages, ,verified,odf,,,,,,,,,,,,,,,,,,,,,,,,,,
meta_sbm_odf_modified,total_villages_not_declared_odf,Villages (Not Declared ODF),year,villages, ,numbert,declared,odf,,,,,,,,,,,,,,,,,,,,,,,,,
meta_sbm_odf_modified,villages_not_verified_odf,Villages (Not Verified ODF),year,villages, ,numbert,verified,odf,,,,,,,,,,,,,,,,,,,,,,,,,
meta_sbm_odf_modified,villages_verified_odf_year_wise,Villages verified ODF year wise,year,villages,verified,odf,year,wise,,,,,,,,,,,,,,,,,,,,,,,,,
meta_sbm_odf_modified,village_declared_odf_year_wise,Village declared ODF year wise,year,village,declared,odf,year,wise,,,,,,,,,,,,,,,,,,,,,,,,,
mgnrega,no_of_registered_household,Number of Registered Household,year,number,registered,household,,,,,,,,,,,,,,,,,,,,,,,,,,,
mgnrega,no_of_registered_person,Number of Registered Person,year,number,registered,person,,,,,,,,,,,,,,,,,,,,,,,,,,,
mgnrega,cumulative_hh_jobcard_sc,Cumulative No  of HH issued job cards to SC,year,cumulative,number, ,households,issued,job,cards,scheduled,caste,,,,,,,,,,,,,,,,,,,,,
mgnrega,cumulative_hh_jobcard_st,Cumulative No  of HH issued job cards to ST,year,cumulative,number, ,households,issued,job,cards,scheduled,tribes,,,,,,,,,,,,,,,,,,,,,
mgnrega,cumulative_hh_jobcard_other,Cumulative No  of HH issued job cards to Other,year,cumulative,number, ,households,issued,job,cards,other,,,,,,,,,,,,,,,,,,,,,,
mgnrega,cumulative_hh_jobcardtotal,Cumulative No  of HH issued job cards to All,year,cumulative,number, ,households,issued,job,cards,all,,,,,,,,,,,,,,,,,,,,,,
mgnrega,employment_demanded_hh,Employment demanded (Household),year,employment,demanded, ,household,,,,,,,,,,,,,,,,,,,,,,,,,,
mgnrega,employment_demanded_persons,Employment demanded (Person),year,employment,demanded, ,person,,,,,,,,,,,,,,,,,,,,,,,,,,
mgnrega,employment_offered_hh,Employment Offered (Household),year,employment,offered, ,household,,,,,,,,,,,,,,,,,,,,,,,,,,
mgnrega,employment_offered_persons,Employment Offered (Person),year,employment,offered, ,person,,,,,,,,,,,,,,,,,,,,,,,,,,
mgnrega,employment_provided_hh,Employment Provided (Household),year,employment,provided, ,household,,,,,,,,,,,,,,,,,,,,,,,,,,
mgnrega,employment_provided_persons,Employment Provided (Persons),year,employment,provided, ,persons,,,,,,,,,,,,,,,,,,,,,,,,,,
mgnrega,employment_provided_person_days,Employment Provided (Persondays Generated),year,employment,provided, ,persondays,generated,,,,,,,,,,,,,,,,,,,,,,,,,
mgnrega,no_families_completed_100_days,Number of Families Completed 100 days,year,number,families,completed,100,days,,,,,,,,,,,,,,,,,,,,,,,,,
mgnrega,no_of_hh_which_are_beneficiary_of_land_reform,No  of HH which are beneficiary of land reform/IAY,year,number, ,households,beneficiary,land,reform,iay,,,,,,,,,,,,,,,,,,,,,,,
mgnrega,no_of_disabled_beneficiary_individual,No  of Disabled beneficiary individuals,year,number, ,disabled,beneficiary,individuals,,,,,,,,,,,,,,,,,,,,,,,,,
edu_index_summary,educational summary overview,educational summary overview,year,educational,summary,overview,,,,,,,,,,,
edu_index_summary,educational infrastructure overview summary,educational infrastructure overview summary,year,educational,infrastructure,overview,summary,,,,,,,,,,,,,,,,,,,,,,,,,,
